{"Episode_metric/metric_feet_air_time":-0.12529025971889496,"Episode_metric/metric_work":272.5387268066406,"Loss/value_mixing_ratio":0,"Perf/total_fps":23757,"Perf/learning_time":0.48755669593811035,"Loss/torque_supervision_weight":0,"Policy/arm_mean_noise_std":1,"Episode_metric/metric_tracking_lin_vel_max":0.1993805170059204,"Episode_rew/rew_dof_acc":-2.1857104301452637,"Loss/hist_latent_loss":1.025855803489685,"Episode_metric/metric_ang_vel_xy":7.673839092254639,"Policy/noise_std_dist":{"bins":[0.800000011920929,0.8031250238418579,0.8062500357627869,0.809374988079071,0.8125,0.815625011920929,0.8187500238418579,0.8218750357627869,0.824999988079071,0.828125,0.831250011920929,0.8343750238418579,0.8375000357627869,0.840624988079071,0.84375,0.846875011920929,0.8500000238418579,0.8531250357627869,0.856249988079071,0.859375,0.862500011920929,0.8656250238418579,0.8687500357627869,0.871874988079071,0.875,0.878125011920929,0.8812500238418579,0.8843750357627869,0.887499988079071,0.890625,0.893750011920929,0.8968750238418579,0.8999999761581421,0.903124988079071,0.90625,0.909375011920929,0.9125000238418579,0.9156249761581421,0.918749988079071,0.921875,0.925000011920929,0.9281250238418579,0.9312499761581421,0.934374988079071,0.9375,0.940625011920929,0.9437500238418579,0.9468749761581421,0.949999988079071,0.953125,0.956250011920929,0.9593750238418579,0.9624999761581421,0.965624988079071,0.96875,0.971875011920929,0.9750000238418579,0.9781249761581421,0.981249988079071,0.984375,0.987500011920929,0.9906250238418579,0.9937499761581421,0.996874988079071,1],"_type":"histogram","values":[4,0,0,0,0,0,0,0,0,0,0,0,0,0,0,0,0,0,0,0,0,0,0,0,0,0,0,0,0,0,0,0,0,0,0,0,0,0,0,0,0,0,0,0,0,0,0,0,0,0,0,0,0,0,0,0,0,0,0,0,0,0,0,14]},"Train/mean_reward":-0.4778484419733286,"Episode_rew/rew_action_rate":-0.38215935230255127,"Loss/arm_torques_loss":0,"Episode_metric/metric_dof_acc":2.91428e+06,"Episode_rew/rew_tracking_contacts_shaped_force":0.5823687314987183,"Policy/leg_mean_noise_std":0.9333333373069763,"Episode_rew/rew_tracking_ang_vel":0.20459628105163574,"Episode_rew/rew_feet_contact_forces":-0.004294496029615402,"Episode_rew/rew_stand_still":0.1836460828781128,"Episode_rew/rew_tracking_ee_world":0.4835537075996399,"Episode_rew/rew_collision":-0.407701313495636,"Episode_metric/metric_collision":0.203850656747818,"Episode_rew/rew_walking_dof":1.496644377708435,"Episode_rew/rew_feet_jerk":0,"_runtime":68.973863784,"Episode_metric/metric_lin_vel_z":1.020046591758728,"Episode_rew/rew_feet_height":-0.25780871510505676,"_timestamp":1.7442681998574586e+09,"Episode_rew/rew_feet_air_time":-0.2505805194377899,"Episode_metric/metric_torques":1996.469482421875,"Episode_metric/metric_feet_drag":3.5815963745117188,"Train/mean_arm_reward":0.068486980907619,"Episode_rew/rew_alive":1.3416666984558105,"Loss/surrogate":0,"Perf/collection time":2.615764617919922,"Episode_rew/rew_feet_drag":-0.10744789242744446,"Episode_rew/rew_base_height":-0.506064772605896,"Train/dones":0.0020887586805555555,"Loss/learning_rate":0.0002,"_step":0,"Episode_rew/rew_work":-0.8176161646842957,"Episode_metric/metric_tracking_ang_vel":1.5495433807373047,"Episode_rew/rew_torques":-0.499117374420166,"Episode_metric/metric_feet_jerk":0,"Episode_metric/metric_walking_dof":0.9977630376815796,"Episode_metric/metric_alive":1.3416666984558105,"Episode_metric/metric_base_height":0.3801365792751312,"Episode_metric/metric_feet_height":-0.25780871510505676,"Loss/priv_reg_loss":0,"Episode_metric/metric_hip_pos":0.2102871835231781,"Episode_metric/metric_delta_torques":2494.4130859375,"Episode_rew/rew_dof_pos_limits":-0.00022209269809536636,"Episode_metric/metric_dof_pos_limits":2.2209269445738755e-05,"Episode_rew/rew_hip_pos":-0.06308615952730179,"Episode_metric/metric_feet_contact_forces":4.294496059417725,"Episode_metric/metric_roll":0.12357980012893677,"Episode_rew/rew_roll":-0.24715960025787354,"_wandb":{"runtime":68},"Loss/value_function":0,"Episode_metric/metric_tracking_ee_world":0.5497915744781494,"Loss/priv_ref_lambda":0,"Episode_rew/rew_lin_vel_z":-1.5300700664520264,"Episode_metric/metric_tracking_contacts_shaped_force":-0.19412291049957275,"Train/mean_episode_length":18.11,"Episode_metric/metric_tracking_contacts_shaped_vel":-0.5791534781455994,"Episode_rew/rew_delta_torques":-0.0002494413056410849,"Episode_metric/metric_stand_still":0.1836460828781128,"Episode_rew/rew_tracking_contacts_shaped_vel":0.5791534781455994,"Episode_rew/rew_tracking_lin_vel_max":0.0996902585029602,"Episode_metric/metric_action_rate":25.477291107177734,"Episode_rew/rew_ang_vel_xy":-0.3836919665336609}